filename,category,description,width,height,format,bytes,originalFilename,sourceUrl,sourcePage,originalSiteLabel,sha256
refinery.jpg,industrial-photos,Refinery and processing plant,7900,5267,JPEG,593241,refinery.jpg,https://imokong.com/refinery.jpg,https://imokong.com/,Homepage refinery banner,d331ac63836e2cc99ca394b47f78ba81b8163f22e56f751e6c00b8704c645d5f
factory-floor.jpg,industrial-photos,Factory production floor,6720,4480,JPEG,6531407,warehouse2.jpg,https://imokong.com/warehouse2.jpg,https://imokong.com/,Homepage warehouse banner,31e06c6626d28971ed5a5dcc6969b677a0bc2750e1a8c25dfc988231e0a9d8c0
warehouse-team.jpg,industrial-photos,Warehouse team planning shipments,5472,3648,JPEG,334265,shipment-manager-asking-warehouse-workers.jpg,https://imokong.com/shipment-manager-asking-warehouse-workers.jpg,https://imokong.com/,Warehouse team banner,dc5cef48786c5630e70dc7a8d41b795068b2f56a5331f866b874d30b8f5ae64d
truck-soap-noodles.png,industrial-photos,Truck loaded with bagged raw materials,1086,1132,PNG,342597,truck with pellets.png,https://imokong.com/truck%20with%20pellets.png,https://imokong.com/,Truck carrying soap noodles,4f34bb3817b11e5eb5c1579826ce6080b95724983d73939333bf5ac8a0dab95d
packing-station.jpg,industrial-photos,Packing and fulfilment station,5281,3521,JPEG,319671,packing2.jpg,https://imokong.com/packing2.jpg,https://imokong.com/,Homepage reliability background,c73895da81dff5c4afbeaee8f5c05022628feb95ecf483970e6f14442c8fa4b1
bulk-materials-warehouse.jpg,industrial-photos,Bulk materials warehouse,1180,626,JPEG,1025512,image 3.jpg,https://imokong.com/image%203.jpg,https://imokong.com/product-detail/raw/soap-making-noodles,Company and soap product showcase,eb104c6d635f739630dd6f21220e0e705f8693970ee0c286500cef4c0987751e
industrial-site-team.webp,industrial-photos,Team at an industrial processing site,1536,1024,WEBP,151054,about imoko.webp,https://imokong.com/about%20imoko.webp,https://imokong.com/about,About company image,227f84c5419a7e162b6f5f9d217354e9344b877dca30e71c84d9f86dca9f1a1d
supplier-partnership.png,industrial-photos,Supplier partnership,350,350,PNG,187899,image 9.png,https://imokong.com/image%209.png,https://imokong.com/about,Reliability illustration,da23770c453565fb1ced6fc056944fe6544ff674575fbc83fc49292e5886fae0
laboratory-quality-control.png,industrial-photos,Laboratory quality control,350,350,PNG,224832,image 10.png,https://imokong.com/image%2010.png,https://imokong.com/about,Quality illustration,8d79f1f08468215d65178a5e725189f7f5fb4c73b774a4a770c0b1ecae7ea08f
plant-technician.png,industrial-photos,Technician with processing equipment,350,350,PNG,249180,image 13.png,https://imokong.com/image%2013.png,https://imokong.com/about,Technical excellence illustration,ba9bd42dabbdd4ba875946d44bcc233cb5838b39381e45ed2ac4979fc2593b71
industrial-warehouse-exterior.png,industrial-photos,Industrial warehouse exterior,601,700,PNG,604166,image 2.png,https://imokong.com/image%202.png,https://imokong.com/news/tech-workplace,Distribution technology article image,a1521bb278c226fa910954b23973912457831c356ea24f676ddde0460371faf4
glycerine-drums.png,chemical-products,Glycerine drums,1160,1118,PNG,107614,Frame-1618873018@3x.png,https://imokong.com/Frame-1618873018@3x.png,https://imokong.com/product-detail/raw/glycerine,Glycerine,252b5822d5b007a08599388d743c31e8b502148c28b91114de73aae6b7cb0b46
paint-solvent-drums.jpg,chemical-products,Paint solvent drums,1408,768,JPEG,55306,paint solvent.jpg,https://imokong.com/paint%20solvent.jpg,https://imokong.com/product-detail/raw/paint-making-solvents,Paint solvents,d99053fa77bfa675b277f63d8f70d0fb0a8854cf4023582082fd293e6dfd0b17
soap-noodles.png,chemical-products,Soap noodles,600,600,PNG,593483,soap noodle.png,https://imokong.com/soap%20noodle.png,https://imokong.com/product-detail/raw/soap-making-noodles,Soap noodles,60e3819caf7fea401127e7ea6380ede9f04d3e2f2576562fe523cabc095c45d4
stearic-acid.jpg,chemical-products,Stearic acid containers and bags,1536,1024,JPEG,136528,stearic acid.jpg,https://imokong.com/stearic%20acid.jpg,https://imokong.com/product-detail/raw/stearic-acid,Stearic acid,4790c5411927048e0737c6d09c9cb1fb2ef14458b871a0ac9338abad8b9e5428
capella-soap-noodles.jpg,soap-packaging,Capella soap noodles packaging,194,194,JPEG,23889,brand-carex.png 1.jpg,https://imokong.com/brand-carex.png%201.jpg,https://imokong.com/product-detail/raw/soap-making-noodles,Palm Bright 85-15,b9bab751693cd395a7517e0cf3783072d3064c1af285ec19526ac1fec4ed65d7
palm-bright-green.jpg,soap-packaging,Palm Bright green packaging,194,194,JPEG,30825,brand-carex.png 1-1.jpg,https://imokong.com/brand-carex.png%201-1.jpg,https://imokong.com/product-detail/raw/soap-making-noodles,Swing 85:15 / 80:20 / 90:10,602dc52e83f844b00c2b5f341951c44e7c2f41776962c84ea2547e715281ebdf
palm-bright-white.jpg,soap-packaging,Palm Bright white packaging,194,194,JPEG,23211,brand-carex.png 1-2.jpg,https://imokong.com/brand-carex.png%201-2.jpg,https://imokong.com/product-detail/raw/soap-making-noodles,Capella 80:20,4819c410e9a3cf1bf774f29f8afc94405b1020fc07b780dc8cf4bdbe1a9c3ef5
soap-base-78-tfm.jpg,soap-packaging,Soap Base 78 TFM packaging,194,194,JPEG,25086,brand-carex.png 1-3.jpg,https://imokong.com/brand-carex.png%201-3.jpg,https://imokong.com/product-detail/raw/soap-making-noodles,Palm Bright 90:10 - first site variant,5f0ff1fbd40b34fd2740cfee4fb6e1c32704082d82af822a8c88293a0779bee4
soap-base-ultra.jpg,soap-packaging,Soap Base Ultra packaging,194,194,JPEG,22644,brand-carex.png 1-4.jpg,https://imokong.com/brand-carex.png%201-4.jpg,https://imokong.com/product-detail/raw/soap-making-noodles,Palm Bright 90:10 - second site variant,5e06e7ff70061c093366b85bb00b977edb24f38cc037b6ff25dec065a858a375
zivo-soap-noodles.jpg,soap-packaging,Zivo soap noodles packaging,194,194,JPEG,36545,brand-carex.png 1-5.jpg,https://imokong.com/brand-carex.png%201-5.jpg,https://imokong.com/product-detail/raw/soap-making-noodles,Palm Bright 80:20,c5be8e52daacbecac9ad90176574d5d38caa185af98996267cd0deebf63c6c62
pakistan-nigeria-supply-map.png,supply-visuals,Pakistan to Nigeria supply map,612,576,PNG,505309,image 22.png,https://imokong.com/image%2022.png,https://imokong.com/about,Global partnership image,6231cd22f85a6de07e4f8faab233c1fbfd44c524ef7aaa4117a2098f61913883
nimir-products-and-warehouse.jpg,supply-visuals,NIMIR products and warehouse collage,1180,626,JPEG,198436,image 30.jpg,https://imokong.com/image%2030.jpg,https://imokong.com/partners,NIMIR partner image,8fd39b1246791d65e585118f729e047997c9df39af4d3094156b0eb4a45e91b5
